date,signal_time,execution_time,run_id,status,equity,cash,market_value,risky_weight,n_legs,email_attempted,email_sent,alert_level,consecutive_anomalies,ledger_ok
2026-06-29,2026-06-29T00:00:00+00:00,2026-06-29T04:00:00+00:00,20260629S4_R9_PAPER_V2ee6c6c74,PAPER_FILLED,9998.050863024973,6997.0,3001.0508630249733,0.30016359229812783,1,True,True,,0,True
2026-06-30,2026-06-30T00:00:00+00:00,2026-06-30T04:00:00+00:00,20260630S4_R9_PAPER_V2ee6c6c74,NO_ACTION,10057.477612787843,6997.0,3060.477612787844,0.3042987248509029,0,False,False,,0,True
2026-07-01,2026-07-01T00:00:00+00:00,2026-07-01T04:00:00+00:00,20260701S4_R9_PAPER_V2ee6c6c74,NO_ACTION,10086.778301907038,6997.0,3089.7783019070375,0.306319640367517,0,False,False,,0,True
2026-07-02,2026-07-02T00:00:00+00:00,2026-07-02T04:00:00+00:00,20260702S4_R9_PAPER_V2ee6c6c74,NO_ACTION,10215.53625972659,6997.0,3218.5362597265907,0.315062878530934,0,False,False,,0,True
2026-07-03,2026-07-03T00:00:00+00:00,2026-07-03T04:00:00+00:00,20260703S4_R9_PAPER_V2ee6c6c74,PAPER_FILLED,10351.32803541595,6454.32836559369,3896.9996698222612,0.376473400948081,2,True,True,,0,True
2026-07-04,2026-07-04T00:00:00+00:00,2026-07-04T04:00:00+00:00,20260704S4_R9_PAPER_V2ee6c6c74,NO_ACTION,10427.245862481772,6454.32836559369,3972.9174968880816,0.3810131217086785,0,False,False,,0,True
2026-07-05,2026-07-05T00:00:00+00:00,2026-07-05T04:00:00+00:00,20260705S4_R9_PAPER_V2ee6c6c74,NO_ACTION,10355.888006305036,6454.32836559369,3901.5596407113458,0.37674795617101464,0,False,False,,0,True
2026-07-06,2026-07-06T00:00:00+00:00,2026-07-06T04:00:00+00:00,20260706S4_R9_PAPER_V2ee6c6c74,PAPER_FILLED,10327.141964720946,878.4734749573113,9448.668489763635,0.9149354702435284,2,True,True,,0,True
2026-07-07,2026-07-07T00:00:00+00:00,2026-07-07T04:00:00+00:00,20260707S4_R9_PAPER_V2ee6c6c74,PAPER_FILLED,10330.290504525692,4462.0126077069435,5868.277896818749,0.5680651375920029,1,True,True,,0,True
2026-07-08,2026-07-08T00:00:00+00:00,2026-07-08T04:00:00+00:00,20260708S4_R9_PAPER_V2ee6c6c74,NO_ACTION,10194.122134567773,4462.0126077069435,5732.109526860831,0.5622955514161956,0,False,False,,0,True
2026-07-09,2026-07-09T00:00:00+00:00,2026-07-09T04:00:00+00:00,20260709S4_R9_PAPER_V2ee6c6c74,PAPER_FILLED,10160.179489786795,6295.951958903885,3864.22753088291,0.38033063636004705,2,True,True,,0,True
2026-07-10,2026-07-10T00:00:00+00:00,2026-07-10T04:00:00+00:00,20260710S4_R9_PAPER_V2ee6c6c74,PAPER_FILLED,10193.27781764921,4380.737457293734,5812.540360355475,0.5702327028005965,1,True,True,,0,True
2026-07-11,2026-07-11T00:00:00+00:00,2026-07-11T04:00:00+00:00,20260711S4_R9_PAPER_V2ee6c6c74,NO_ACTION,10177.26648514227,4380.737457293734,5796.529027848537,0.5695565735957543,0,False,False,,0,True
2026-07-12,2026-07-12T00:00:00+00:00,2026-07-12T04:00:00+00:00,20260712S4_R9_PAPER_V2ee6c6c74,NO_ACTION,10109.97122079631,4380.737457293734,5729.233763502576,0.5666914018229336,0,False,False,,0,True
2026-07-13,2026-07-13T00:00:00+00:00,2026-07-13T04:00:00+00:00,20260713S4_R9_PAPER_V2ee6c6c74,NO_ACTION,10075.221877764634,4380.737457293734,5694.484420470901,0.5651969246491991,0,False,False,,0,True
2026-07-14,2026-07-14T00:00:00+00:00,2026-07-14T04:00:00+00:00,20260714S4_R9_PAPER_V2ee6c6c74,PAPER_FILLED,9999.885158592393,6254.183649412741,3745.7015091796516,0.37457445258370403,3,True,True,,0,True
2026-07-15,2026-07-15T00:00:00+00:00,2026-07-15T04:00:00+00:00,20260715S4_R9_PAPER_V2ee6c6c74,PAPER_FILLED,10095.844946713732,854.4936890383756,9241.351257675356,0.9153618450413584,3,True,True,,0,True
2026-07-16,2026-07-16T00:00:00+00:00,2026-07-16T04:00:00+00:00,20260716S4_R9_PAPER_V2ee6c6c74,NO_ACTION,10084.852584590888,854.4936890383756,9230.358895552512,0.915269590519945,0,False,False,,0,True
2026-07-17,2026-07-17T00:00:00+00:00,2026-07-17T04:00:00+00:00,20260717S4_R9_PAPER_V2ee6c6c74,PAPER_FILLED,9888.37344469225,4351.679279680202,5536.694165012047,0.5599196061900312,1,True,True,,0,True
2026-07-18,2026-07-18T00:00:00+00:00,2026-07-18T04:00:00+00:00,20260718S4_R9_PAPER_V2ee6c6c74,NO_ACTION,9943.573106575048,4351.679279680202,5591.893826894847,0.5623626202534062,0,False,False,,0,True
2026-07-19,2026-07-19T00:00:00+00:00,2026-07-19T04:00:00+00:00,20260719S4_R9_PAPER_V2ee6c6c74,NO_ACTION,10021.157034933385,4351.679279680202,5669.477755253184,0.5657508145506146,0,False,False,,0,True
2026-07-20,2026-07-20T00:00:00+00:00,2026-07-20T04:00:00+00:00,20260720S4_R9_PAPER_V2ee6c6c74,NO_ACTION,10008.976536178641,4351.679279680202,5657.29725649844,0.5652223517608882,0,False,False,,0,True
2026-07-21,2026-07-21T00:00:00+00:00,2026-07-21T04:00:00+00:00,20260721S4_R9_PAPER_V2ee6c6c74,PAPER_FILLED,10191.750894612409,795.5666149770273,9396.184279635381,0.9219401432390207,1,True,True,,0,True
2026-07-22,2026-07-22T00:00:00+00:00,2026-07-22T04:00:00+00:00,20260722S4_R9_PAPER_V2ee6c6c74,PAPER_FILLED,10076.63455852658,4369.679764393068,5706.954794133513,0.5663552410268208,2,True,True,,0,True
2026-07-23,2026-07-23T00:00:00+00:00,2026-07-23T04:00:00+00:00,20260723S4_R9_PAPER_V2ee6c6c74,NO_ACTION,10067.671604758907,4369.679764393068,5697.991840365839,0.5659691797726542,0,False,False,,0,True
2026-07-24,2026-07-24T00:00:00+00:00,2026-07-24T04:00:00+00:00,20260724S4_R9_PAPER_V2ee6c6c74,PAPER_FILLED,10006.375118743701,7335.394441334784,2670.980677408918,0.26692789803629297,1,True,True,,0,True
2026-07-25,2026-07-25T00:00:00+00:00,2026-07-25T04:00:00+00:00,20260725S4_R9_PAPER_V2ee6c6c74,NO_ACTION,9946.662610571082,7335.394441334784,2611.2681692362985,0.26252706776855017,0,False,False,,0,True
2026-07-26,2026-07-26T00:00:00+00:00,2026-07-26T04:00:00+00:00,20260726S4_R9_PAPER_V2ee6c6c74,PAPER_FILLED,9970.224788947235,3841.266420992893,6128.958367954342,0.6147261970210307,1,True,True,,0,True
2026-07-27,2026-07-27T00:00:00+00:00,2026-07-27T04:00:00+00:00,20260727S4_R9_PAPER_V2ee6c6c74,PAPER_FILLED,10046.13330598114,827.7391152753944,9218.394190705745,0.9176061983188512,1,True,True,,0,True
2026-07-28,2026-07-28T00:00:00+00:00,2026-07-28T04:00:00+00:00,20260728S4_R9_PAPER_V2ee6c6c74,PAPER_FILLED,9780.672145303775,7173.376635891036,2607.2955094127383,0.2665763120037349,2,True,True,,0,True
2026-07-29,2026-07-29T00:00:00+00:00,2026-07-29T04:00:00+00:00,20260729S4_R9_PAPER_V2ee6c6c74,NO_ACTION,9827.76057880856,7173.376635891036,2654.3839429175237,0.27009041598358924,0,False,False,,0,True
2026-07-30,2026-07-30T00:00:00+00:00,2026-07-30T04:00:00+00:00,20260730S4_R9_PAPER_V2ee6c6c74,PAPER_FILLED,9807.25764905145,3736.419827711325,6070.837821340124,0.6190148192881718,1,True,True,,0,True
2026-07-31,2026-07-31T00:00:00+00:00,2026-07-31T04:00:00+00:00,20260731S4_R9_PAPER_V2ee6c6c74,NO_ACTION,9889.926490827458,3736.419827711325,6153.506663116133,0.6221994338201889,0,False,False,,0,True
2026-08-01,2026-08-01T00:00:00+00:00,2026-08-01T04:00:00+00:00,20260801S4_R9_PAPER_V2ee6c6c74,PAPER_FILLED,9853.677648718327,5664.950204226812,4188.727444491516,0.42509280228345464,2,True,True,,0,True
2026-08-02,2026-08-02T00:00:00+00:00,2026-08-02T04:00:00+00:00,20260802S4_R9_PAPER_V2ee6c6c74,NO_ACTION,9829.245852488446,5664.950204226812,4164.295648261634,0.4236637999249321,0,False,False,,0,True
2026-08-03,2026-08-03T00:00:00+00:00,2026-08-03T04:00:00+00:00,20260803S4_R9_PAPER_V2ee6c6c74,NO_ACTION,9806.29571880178,5664.950204226812,4141.345514574969,0.42231497329156564,0,False,False,,0,True
2026-08-04,2026-08-04T00:00:00+00:00,2026-08-04T04:00:00+00:00,20260804S4_R9_PAPER_V2ee6c6c74,NO_ACTION,9854.384679802472,5664.950204226812,4189.434475575658,0.4251340506487752,0,False,False,,0,True
2026-08-05,2026-08-05T00:00:00+00:00,2026-08-05T04:00:00+00:00,20260805S4_R9_PAPER_V2ee6c6c74,PAPER_FILLED,9910.459859156334,3806.1142947625995,6104.345564393734,0.6159497794397394,1,True,True,,0,True
2026-08-06,2026-08-06T00:00:00+00:00,2026-08-06T04:00:00+00:00,20260806S4_R9_PAPER_V2ee6c6c74,NO_ACTION,9915.911314653405,3806.1142947625995,6109.797019890806,0.6161609181459651,0,False,False,,0,True
2026-08-07,2026-08-07T00:00:00+00:00,2026-08-07T04:00:00+00:00,20260807S4_R9_PAPER_V2ee6c6c74,NO_ACTION,9841.13395834895,3806.1142947625995,6035.019663586351,0.6132443363873128,0,False,False,,0,True
2026-08-08,2026-08-08T00:00:00+00:00,2026-08-08T04:00:00+00:00,20260808S4_R9_PAPER_V2ee6c6c74,NO_ACTION,9917.679201252115,3806.1142947625995,6111.564906489516,0.6162293397953349,0,False,False,,0,True
2026-08-09,2026-08-09T00:00:00+00:00,2026-08-09T04:00:00+00:00,20260809S4_R9_PAPER_V2ee6c6c74,PAPER_FILLED,9977.099982295023,819.0478607574682,9158.052121537556,0.9179072213157212,1,True,True,,0,True
2026-08-10,2026-08-10T00:00:00+00:00,2026-08-10T04:00:00+00:00,20260810S4_R9_PAPER_V2ee6c6c74,NO_ACTION,10020.081442776263,819.0478607574682,9201.033582018796,0.9182593609208696,0,False,False,,0,True
2026-08-11,2026-08-11T00:00:00+00:00,2026-08-11T04:00:00+00:00,20260811S4_R9_PAPER_V2ee6c6c74,PAPER_FILLED,9909.252450647276,2672.611136435099,7236.641314212178,0.7302913464213415,1,True,True,,0,True
2026-08-12,2026-08-12T00:00:00+00:00,2026-08-12T04:00:00+00:00,20260812S4_R9_PAPER_V2ee6c6c74,NO_ACTION,9994.715515830967,2672.611136435099,7322.104379395868,0.7325975779698922,0,False,False,,0,True
2026-08-13,2026-08-13T00:00:00+00:00,2026-08-13T04:00:00+00:00,20260813S4_R9_PAPER_V2ee6c6c74,NO_ACTION,10011.226696868587,2672.611136435099,7338.615560433488,0.7330385958325102,0,False,False,,0,True
2026-08-14,2026-08-14T00:00:00+00:00,2026-08-14T04:00:00+00:00,20260814S4_R9_PAPER_V2ee6c6c74,NO_ACTION,9932.611463740483,2672.611136435099,7260.000327305383,0.7309256335867353,0,False,False,,0,True
2026-08-15,2026-08-15T00:00:00+00:00,2026-08-15T04:00:00+00:00,20260815S4_R9_PAPER_V2ee6c6c74,NO_ACTION,9945.612256247929,2672.611136435099,7273.00111981283,0.731277364572891,0,False,False,,0,True
2026-08-16,2026-08-16T00:00:00+00:00,2026-08-16T04:00:00+00:00,20260816S4_R9_PAPER_V2ee6c6c74,NO_ACTION,9920.339942061622,2672.611136435099,7247.728805626522,0.7305927869363231,0,False,False,,0,True
2026-08-17,2026-08-17T00:00:00+00:00,2026-08-17T04:00:00+00:00,20260817S4_R9_PAPER_V2ee6c6c74,NO_ACTION,9937.264900345843,2672.611136435099,7264.653763910744,0.7310516361154783,0,False,False,,0,True
2026-08-18,2026-08-18T00:00:00+00:00,2026-08-18T04:00:00+00:00,20260818S4_R9_PAPER_V2ee6c6c74,NO_ACTION,9938.434469718693,2672.611136435099,7265.8233332835935,0.7310832863487454,0,False,False,,0,True
2026-08-19,2026-08-19T00:00:00+00:00,2026-08-19T04:00:00+00:00,20260819S4_R9_PAPER_V2ee6c6c74,PAPER_FILLED,9966.762455123704,801.1679465127775,9165.594508610926,0.9196160287635917,1,True,True,,0,True
2026-08-20,2026-08-20T00:00:00+00:00,2026-08-20T04:00:00+00:00,20260820S4_R9_PAPER_V2ee6c6c74,NO_ACTION,10789.006693266825,801.1679465127775,9987.838746754047,0.9257421958026248,0,False,False,,0,True
2026-08-21,2026-08-21T00:00:00+00:00,2026-08-21T04:00:00+00:00,20260821S4_R9_PAPER_V2ee6c6c74,NO_ACTION,11420.050693310415,801.1679465127775,10618.882746797637,0.9298454999869586,0,False,False,,0,True
2026-08-22,2026-08-22T00:00:00+00:00,2026-08-22T04:00:00+00:00,20260822S4_R9_PAPER_V2ee6c6c74,NO_ACTION,11845.162712804497,801.1679465127775,11043.994766291718,0.9323632806118631,0,False,False,,0,True
2026-08-23,2026-08-23T00:00:00+00:00,2026-08-23T04:00:00+00:00,20260823S4_R9_PAPER_V2ee6c6c74,NO_ACTION,11583.757198133704,801.1679465127775,10782.589251620926,0.9308369527425991,0,False,False,,0,True
2026-08-24,2026-08-24T00:00:00+00:00,2026-08-24T04:00:00+00:00,20260824S4_R9_PAPER_V2ee6c6c74,NO_ACTION,11797.690511672618,801.1679465127775,10996.52256515984,0.9320911202306837,0,False,False,,0,True
2026-08-25,2026-08-25T00:00:00+00:00,2026-08-25T04:00:00+00:00,20260825S4_R9_PAPER_V2ee6c6c74,NO_ACTION,12161.38112152729,801.1679465127775,11360.213175014513,0.9341219604494917,0,False,False,,0,True
2026-08-26,2026-08-26T00:00:00+00:00,2026-08-26T04:00:00+00:00,20260826S4_R9_PAPER_V2ee6c6c74,NO_ACTION,11958.459434388024,801.1679465127775,11157.291487875245,0.9330040837694425,0,False,False,,0,True
2026-08-27,2026-08-27T00:00:00+00:00,2026-08-27T04:00:00+00:00,20260827S4_R9_PAPER_V2ee6c6c74,NO_ACTION,12218.169728462519,801.1679465127775,11417.00178194974,0.9344281537809679,0,False,False,,0,True
2026-08-28,2026-08-28T00:00:00+00:00,2026-08-28T04:00:00+00:00,20260828S4_R9_PAPER_V2ee6c6c74,NO_ACTION,12410.839261003188,801.1679465127775,11609.67131449041,0.9354461104793956,0,False,False,,0,True
2026-08-29,2026-08-29T00:00:00+00:00,2026-08-29T04:00:00+00:00,20260829S4_R9_PAPER_V2ee6c6c74,NO_ACTION,12115.839827128137,801.1679465127775,11314.671880615359,0.9338743365755866,0,False,False,,0,True
2026-08-30,2026-08-30T00:00:00+00:00,2026-08-30T04:00:00+00:00,20260830S4_R9_PAPER_V2ee6c6c74,NO_ACTION,12210.639427321164,801.1679465127775,11409.471480808386,0.9343877156244436,0,False,False,,0,True
2026-08-31,2026-08-31T00:00:00+00:00,2026-08-31T04:00:00+00:00,20260831S4_R9_PAPER_V2ee6c6c74,NO_ACTION,12096.224199837166,801.1679465127775,11295.056253324388,0.9337671050670868,0,False,False,,0,True
2026-09-01,2026-09-01T00:00:00+00:00,2026-09-01T04:00:00+00:00,20260901S4_R9_PAPER_V2ee6c6c74,NO_ACTION,12149.727451895653,801.1679465127775,11348.559505382875,0.9340587721259725,0,False,False,,0,True
2026-09-02,2026-09-02T00:00:00+00:00,2026-09-02T04:00:00+00:00,20260902S4_R9_PAPER_V2ee6c6c74,NO_ACTION,11948.74892734592,801.1679465127775,11147.580980833141,0.9329496375407786,0,False,False,,0,True
2026-09-03,2026-09-03T00:00:00+00:00,2026-09-03T04:00:00+00:00,20260903S4_R9_PAPER_V2ee6c6c74,NO_ACTION,12028.638330909364,801.1679465127775,11227.470384396585,0.9333949592237669,0,False,False,,0,True
2026-09-04,2026-09-04T00:00:00+00:00,2026-09-04T04:00:00+00:00,20260904S4_R9_PAPER_V2ee6c6c74,NO_ACTION,12379.283555674905,801.1679465127775,11578.115609162127,0.9352815578616012,0,False,False,,0,True
2026-09-05,2026-09-05T00:00:00+00:00,2026-09-05T04:00:00+00:00,20260905S4_R9_PAPER_V2ee6c6c74,NO_ACTION,12418.472662842714,801.1679465127775,11617.304716329936,0.9354857905425076,0,False,False,,0,True
2026-09-06,2026-09-06T00:00:00+00:00,2026-09-06T04:00:00+00:00,20260906S4_R9_PAPER_V2ee6c6c74,NO_ACTION,12661.970887099336,801.1679465127775,11860.802940586558,0.936726442221641,0,False,False,,0,True
2026-09-07,2026-09-07T00:00:00+00:00,2026-09-07T04:00:00+00:00,20260907S4_R9_PAPER_V2ee6c6c74,NO_ACTION,12543.164901694337,801.1679465127775,11741.99695518156,0.9361271295728117,0,False,False,,0,True
2026-09-08,2026-09-08T00:00:00+00:00,2026-09-08T04:00:00+00:00,20260908S4_R9_PAPER_V2ee6c6c74,NO_ACTION,12515.776584269406,801.1679465127775,11714.608637756628,0.9359873563483281,0,False,False,,0,True
2026-09-09,2026-09-09T00:00:00+00:00,2026-09-09T04:00:00+00:00,20260909S4_R9_PAPER_V2ee6c6c74,NO_ACTION,12613.950510441036,801.1679465127775,11812.782563928258,0.9364855644669271,0,False,False,,0,True
2026-09-10,2026-09-10T00:00:00+00:00,2026-09-10T04:00:00+00:00,20260910S4_R9_PAPER_V2ee6c6c74,NO_ACTION,12229.899562066781,801.1679465127775,11428.731615554003,0.9344910444728636,0,False,False,,0,True
2026-09-11,2026-09-11T00:00:00+00:00,2026-09-11T04:00:00+00:00,20260911S4_R9_PAPER_V2ee6c6c74,NO_ACTION,12110.232891284482,801.1679465127775,11309.064944771704,0.9338437209502912,0,False,False,,0,True
2026-09-12,2026-09-12T00:00:00+00:00,2026-09-12T04:00:00+00:00,20260912S4_R9_PAPER_V2ee6c6c74,NO_ACTION,12324.227766631448,801.1679465127775,11523.05982011867,0.9349924423920511,0,False,False,,0,True
2026-09-13,2026-09-13T00:00:00+00:00,2026-09-13T04:00:00+00:00,20260913S4_R9_PAPER_V2ee6c6c74,NO_ACTION,12214.221165615327,801.1679465127775,11413.053219102549,0.934406955986013,0,False,False,,0,True
2026-09-14,2026-09-14T00:00:00+00:00,2026-09-14T04:00:00+00:00,20260914S4_R9_PAPER_V2ee6c6c74,NO_ACTION,12289.524596677182,801.1679465127775,11488.356650164404,0.9348088739958749,0,False,False,,0,True
2026-09-15,2026-09-15T00:00:00+00:00,2026-09-15T04:00:00+00:00,20260915S4_R9_PAPER_V2ee6c6c74,NO_ACTION,12138.514822826253,801.1679465127775,11337.346876313475,0.9339978606768105,0,False,False,,0,True
2026-09-16,2026-09-16T00:00:00+00:00,2026-09-16T04:00:00+00:00,20260916S4_R9_PAPER_V2ee6c6c74,NO_ACTION,11906.915254057098,801.1679465127775,11105.74730754432,0.9327140632633802,0,False,False,,0,True
2026-09-17,2026-09-17T00:00:00+00:00,2026-09-17T04:00:00+00:00,20260917S4_R9_PAPER_V2ee6c6c74,NO_ACTION,12151.404445785683,801.1679465127775,11350.236499272905,0.9340678725584978,0,False,False,,0,True
2026-09-18,2026-09-18T00:00:00+00:00,2026-09-18T04:00:00+00:00,20260918S4_R9_PAPER_V2ee6c6c74,NO_ACTION,12602.042678391135,801.1679465127775,11800.874731878357,0.9364255488606978,0,False,False,,0,True
2026-09-19,2026-09-19T00:00:00+00:00,2026-09-19T04:00:00+00:00,20260919S4_R9_PAPER_V2ee6c6c74,NO_ACTION,13026.482105241335,801.1679465127775,12225.314158728557,0.9384969832960182,0,False,False,,0,True
2026-09-20,2026-09-20T00:00:00+00:00,2026-09-20T04:00:00+00:00,20260920S4_R9_PAPER_V2ee6c6c74,NO_ACTION,12785.03432871644,801.1679465127775,11983.866382203661,0.937335487264725,0,False,False,,0,True
2026-09-21,2026-09-21T00:00:00+00:00,2026-09-21T04:00:00+00:00,20260921S4_R9_PAPER_V2ee6c6c74,NO_ACTION,13123.429718109444,801.1679465127775,12322.261771596666,0.9389513287515672,0,False,False,,0,True
2026-09-22,2026-09-22T00:00:00+00:00,2026-09-22T04:00:00+00:00,20260922S4_R9_PAPER_V2ee6c6c74,NO_ACTION,13514.702568637516,801.1679465127775,12713.534622124738,0.9407187881165817,0,False,False,,0,True
2026-09-23,2026-09-23T00:00:00+00:00,2026-09-23T04:00:00+00:00,20260923S4_R9_PAPER_V2ee6c6c74,NO_ACTION,13626.670620730998,801.1679465127775,12825.50267421822,0.9412058918270235,0,False,False,,0,True
2026-09-24,2026-09-24T00:00:00+00:00,2026-09-24T04:00:00+00:00,20260924S4_R9_PAPER_V2ee6c6c74,NO_ACTION,13392.822524745703,801.1679465127775,12591.654578232925,0.9401793053680453,0,False,False,,0,True
2026-09-25,2026-09-25T00:00:00+00:00,2026-09-25T04:00:00+00:00,20260925S4_R9_PAPER_V2ee6c6c74,NO_ACTION,13390.033634218564,801.1679465127775,12588.865687705786,0.9401668458497838,0,False,False,,0,True
2026-09-26,2026-09-26T00:00:00+00:00,2026-09-26T04:00:00+00:00,20260926S4_R9_PAPER_V2ee6c6c74,NO_ACTION,13555.207724125083,801.1679465127775,12754.039777612305,0.9408959299762786,0,False,False,,0,True
