date,run_id,status,subject,sent,message_id,error
2026-06-29,20260629S4_R9_PAPER_V2ee6c6c74,PAPER_FILLED,[S4 Paper] 调仓建议与纸面成交 - 2026-06-29,True,mock-0001,
2026-07-03,20260703S4_R9_PAPER_V2ee6c6c74,PAPER_FILLED,[S4 Paper] 调仓建议与纸面成交 - 2026-07-03,True,mock-0002,
2026-07-06,20260706S4_R9_PAPER_V2ee6c6c74,PAPER_FILLED,[S4 Paper] 调仓建议与纸面成交 - 2026-07-06,True,mock-0003,
2026-07-07,20260707S4_R9_PAPER_V2ee6c6c74,PAPER_FILLED,[S4 Paper] 调仓建议与纸面成交 - 2026-07-07,True,mock-0004,
2026-07-09,20260709S4_R9_PAPER_V2ee6c6c74,PAPER_FILLED,[S4 Paper] 调仓建议与纸面成交 - 2026-07-09,True,mock-0005,
2026-07-10,20260710S4_R9_PAPER_V2ee6c6c74,PAPER_FILLED,[S4 Paper] 调仓建议与纸面成交 - 2026-07-10,True,mock-0006,
2026-07-14,20260714S4_R9_PAPER_V2ee6c6c74,PAPER_FILLED,[S4 Paper] 调仓建议与纸面成交 - 2026-07-14,True,mock-0007,
2026-07-15,20260715S4_R9_PAPER_V2ee6c6c74,PAPER_FILLED,[S4 Paper] 调仓建议与纸面成交 - 2026-07-15,True,mock-0008,
2026-07-17,20260717S4_R9_PAPER_V2ee6c6c74,PAPER_FILLED,[S4 Paper] 调仓建议与纸面成交 - 2026-07-17,True,mock-0009,
2026-07-21,20260721S4_R9_PAPER_V2ee6c6c74,PAPER_FILLED,[S4 Paper] 调仓建议与纸面成交 - 2026-07-21,True,mock-0010,
2026-07-22,20260722S4_R9_PAPER_V2ee6c6c74,PAPER_FILLED,[S4 Paper] 调仓建议与纸面成交 - 2026-07-22,True,mock-0011,
2026-07-24,20260724S4_R9_PAPER_V2ee6c6c74,PAPER_FILLED,[S4 Paper] 调仓建议与纸面成交 - 2026-07-24,True,mock-0012,
2026-07-26,20260726S4_R9_PAPER_V2ee6c6c74,PAPER_FILLED,[S4 Paper] 调仓建议与纸面成交 - 2026-07-26,True,mock-0013,
2026-07-27,20260727S4_R9_PAPER_V2ee6c6c74,PAPER_FILLED,[S4 Paper] 调仓建议与纸面成交 - 2026-07-27,True,mock-0014,
2026-07-28,20260728S4_R9_PAPER_V2ee6c6c74,PAPER_FILLED,[S4 Paper] 调仓建议与纸面成交 - 2026-07-28,True,mock-0015,
2026-07-30,20260730S4_R9_PAPER_V2ee6c6c74,PAPER_FILLED,[S4 Paper] 调仓建议与纸面成交 - 2026-07-30,True,mock-0016,
2026-08-01,20260801S4_R9_PAPER_V2ee6c6c74,PAPER_FILLED,[S4 Paper] 调仓建议与纸面成交 - 2026-08-01,True,mock-0017,
2026-08-05,20260805S4_R9_PAPER_V2ee6c6c74,PAPER_FILLED,[S4 Paper] 调仓建议与纸面成交 - 2026-08-05,True,mock-0018,
2026-08-09,20260809S4_R9_PAPER_V2ee6c6c74,PAPER_FILLED,[S4 Paper] 调仓建议与纸面成交 - 2026-08-09,True,mock-0019,
2026-08-11,20260811S4_R9_PAPER_V2ee6c6c74,PAPER_FILLED,[S4 Paper] 调仓建议与纸面成交 - 2026-08-11,True,mock-0020,
2026-08-19,20260819S4_R9_PAPER_V2ee6c6c74,PAPER_FILLED,[S4 Paper] 调仓建议与纸面成交 - 2026-08-19,True,mock-0021,
